ID,HordeSourceText_lang,AllianceSourceText_lang,TitleName_lang
6,,,
7,,,
8,,,
15,,,
16,,,
18,,,
19,,,
20,,,
21,,,
32,|cFFFFD200Zone:|r Frostfire Ridge|n,|cFFFFD200Zone:|r Frostfire Ridge|n,
34,|cFFFFD200Quest:|r Winds of Change|n|cFFFFD200Zone:|r Frostfire Ridge|n,|cFFFFD200Quest:|r Qiana Moonshadow|n|cFFFFD200Zone:|r Shadowmoon Valley,
87,,,
88,,,
89,,,
90,,,
91,,,
92,,,
93,,,
94,,,
95,,,
96,,,
97,,,
98,,,
99,,,
100,,,
101,,,
102,,,
103,,,
104,,,
105,,,
106,,,
107,,,
108,,,
109,,,
110,,,
111,,,
112,,,
113,,,
114,,,
115,,,
116,,,
117,,,
118,,,
119,,,
120,,,
122,,,
123,,,
124,,,
125,,,
126,,,
127,,,
128,,,
129,,,
130,,,
131,,,
132,,,
133,,,
134,,,
135,,,
136,,,
137,,,
138,,,
139,,,
140,,,
141,,,
142,,,
143,,,
144,,,
145,,,
146,,,
147,,,
148,,,
149,,,
150,,,
151,,,
153,|cFFFFD200Mission:|r Gronnlings Abound|n|cFFFFD200Zone:|r Frostfire Ridge,|cFFFFD200Mission:|r Killing The Corrupted|n|cFFFFD200Zone:|r Shadowmoon Valley,
154,|cFFFFD200Quest:|r Due Cause to Celebrate|n|cFFFFD200Zone:|r Talador,|cFFFFD200Quest:|r Due Cause to Celebrate|n|cFFFFD200Zone:|r Talador,
155,|cFFFFD200Quest:|r The Only Way to Travel|n|cFFFFD200Zone:|r Talador,|cFFFFD200Quest:|r The Only Way to Travel|n|cFFFFD200Zone:|r Talador,
157,|cFFFFD200Quest:|r Challenge of the Masters|n|cFFFFD200Zone:|r Nagrand,|cFFFFD200Quest:|r Challenge of the Masters|n|cFFFFD200Zone:|r Nagrand,
159,|cFFFFD200Quest:|r Iyu|n|cFFFFD200Zone:|r Gorgrond,|cFFFFD200Quest:|r Iyu|n|cFFFFD200Zone:|r Gorgrond,
168,|cFFFFD200Outpost Choice:|r Smuggler's Den|n|cFFFFD200Zone:|r Spires of Arak|n,|cFFFFD200Outpost Choice:|r Smuggler's Den|n|cFFFFD200Zone:|r Spires of Arak,
170,|cFFFFD200Zone:|r Nagrand,|cFFFFD200Zone:|r Nagrand,
171,|cFFFFD200Quest:|r Clear!|n|cFFFFD200Zone:|r Talador|n,|cFFFFD200Quest:|r Clear!|n|cFFFFD200Zone:|r Talador|n,
172,,,
176,|cFFFFD200Quest:|r The Axe of Kor'gall|n|cFFFFD200Zone:|r Gorgrond|n|n,|cFFFFD200Quest:|r The Axe of Kor'gall|n|cFFFFD200Zone:|r Gorgrond,
177,|cFFFFD200Achievement:|r Come With Me If You Want To Live|n|cFFFFD200Zone:|r Bloodmaul Slag Mines (Heroic),|cFFFFD200Achievement:|r Come With Me If You Want To Live|n|cFFFFD200Zone:|r Bloodmaul Slag Mines (Heroic),
178,|cFFFFD200Achievement:|r Leeeeeeeeeeeeeroy...?|n|cFFFFD200Dungeon:|r Upper Blackrock Spire|n,|cFFFFD200Achievement:|r Leeeeeeeeeeeeeroy...?|n|cFFFFD200Dungeon:|r Upper Blackrock Spire|n,
179,|cFFFFD200Quest:|r Smeltcraft|n|cFFFFD200Zone:|r Frostfire Ridge,|cFFFFD200Zone:|r Shadowmoon Valley|n,
180,|cFFFFD200Quest:|r The Real Prey|n|cFFFFD200Zone:|r Frostfire Ridge,|cFFFFD200Quest:|r Gestating Genesaur|n|cFFFFD200Zone:|r Shadowmoon Valley|n,
181,,|cFFFFD200Quest:|r A Matter of Life and Death|n|cFFFFD200Zone:|r Shadowmoon Valley,
182,|cFFFFD200Quest:|r Mulverick's Plight|n|cFFFFD200Zone:|r Frostfire Ridge,|cFFFFD200Quest:|r Game of Thorns|n|cFFFFD200Zone:|r Shadowmoon Valley,
183,|cFFFFD200Quest:|r Only the Winner|n|cFFFFD200Zone:|r Frostfire Ridge,|cFFFFD200Quest:|r Ancestor's Memory|n|cFFFFD200Zone:|r Shadowmoon Valley,
184,|cFFFFD200Quest:|r The Battle for Thunder Pass|n|cFFFFD200Zone:|r Frostfire Ridge|n,|cFFFFD200Quest:|r Friend of the Exarchs|n|cFFFFD200Zone:|r Shadowmoon Valley,
185,|cFFFFD200Quest:|r The Battle for Thunder Pass|n|cFFFFD200Zone:|r Frostfire Ridge|n,|cFFFFD200Quest:|r Friend of the Exarchs|n|cFFFFD200Zone:|r Shadowmoon Valley,
186,|cFFFFD200Quest:|r The Battle for Thunder Pass|n|cFFFFD200Zone:|r Frostfire Ridge|n,|cFFFFD200Quest:|r Friend of the Exarchs|n|cFFFFD200Zone:|r Shadowmoon Valley,
189,|cFFFFD200Zone:|r Gorgrond,|cFFFFD200Zone:|r Gorgrond,
190,|cFFFFD200Quest:|r Temporal Juxtaposition|n|cFFFFD200Zone:|r Draenor,|cFFFFD200Quest:|r Temporal Juxtaposition|n|cFFFFD200Zone:|r Draenor,
192,|cFFFFD200Quest:|r Flame On|n|cFFFFD200Zone:|r Spires of Arak,|cFFFFD200Quest:|r Flame On|n|cFFFFD200Zone:|r Spires of Arak,
193,|cFFFFD200Quest:|r A Centurion Without a Cause|n|cFFFFD200Zone:|r Gorgrond,|cFFFFD200Quest:|r A Centurion Without a Cause|n|cFFFFD200Zone:|r Gorgrond,
194,|cFFFFD200Garrison Building:|r Lumber Mill|n|cFFFFD200Zone:|r Draenor,|cFFFFD200Garrison Building:|r Lumber Mill|n|cFFFFD200Zone:|r Draenor,
195,|cFFFFD200Quest:|r The Rise and Fall of Barov Industries: Alexi Barov|n|cFFFFD200Garrison Building:|r Lumber Mill|n,|cFFFFD200Quest:|r The Rise and Fall of Barov Industries: Weldon Barov|n|cFFFFD200Garrison Building:|r Lumber Mill,
202,"|cFFFFD200Profession:|r Fishing - 700 Skill|n|cFFFFD200Quest:|r An Angler On Our Team|n|cFFFFD200Zone:|r Garrison, Fishing Shack","|cFFFFD200Profession:|r Fishing - 700 Skill|n|cFFFFD200Quest:|r An Angler On Our Team|n|cFFFFD200Zone:|r Garrison, Fishing Shack",
203,|cFFFFD200Brawler's Guild:|r Rank 5|n,|cFFFFD200Brawler's Guild:|r Rank 5,
204,|cFFFFD200Quest:|r Three Feet Under|n|cFFFFD200Zone:|r Spires of Arak,|cFFFFD200Quest:|r Admiral Taylor|n|cFFFFD200Zone:|r Spires of Arak,
205,|cFFFFD200Quest:|r Destination: Unknown|n|cFFFFD200Zone:|r Talador|n,|cFFFFD200Quest:|r Destination: Unknown|n|cFFFFD200Zone:|r Talador|n,
207,|cFFFFD200Quest:|r Gatekeepers of Auchindoun|n|cFFFFD200Zone:|r Talador,|cFFFFD200Quest:|r Gatekeepers of Auchindoun|n|cFFFFD200Zone:|r Talador,
208,|cFFFFD200Quest:|r Dying Wish|n|cFFFFD200Zone:|r Talador|n,|cFFFFD200Quest:|r Dying Wish|n|cFFFFD200Zone:|r Talador|n,
209,|cFFFFD200Zone:|r Nagrand,|cFFFFD200Zone:|r Nagrand,
211,|cFFFFD200Quest:|r Penny For Your Thoughts|n|cFFFFD200Zone:|r Gorgrond,"|cFFFFD200Quest:|r Lumber, I Hardly Knew 'Er|n|cFFFFD200Zone:|r Gorgrond|n",
212,|cFFFFD200Quest:|r Zero Xuk's Given|n|cFFFFD200Zone:|r Gorgond|n,|cFFFFD200Quest:|r Chains of Iron|n|cFFFFD200Zone:|r Gorgond|n,
216,|cFFFFD200Quest:|r Establish Your Garrison|n|cFFFFD200Zone:|r Frostfire Ridge,|cFFFFD200Quest:|r A Surly Dwarf|n|cFFFFD200Zone:|r Ashran,
217,|cFFFFD200Quest:|r The Sleepers|n|cFFFFD200Zone:|r The Garrison Campaign|n,|cFFFFD200Quest:|r The Sleepers|n|cFFFFD200Zone:|r The Garrison Campaign,
218,|cFFFFD200Achievement:|r Between Arak and a Hard Place|n,|cFFFFD200Achievement:|r Between Arak and a Hard Place,
219,|cFFFFD200Zone:|r Spires of Arak|n,|cFFFFD200Zone:|r Spires of Arak,
220,,,
224,|cFFFFD200Achievement:|r Mantle of the Talon King,|cFFFFD200Achievement:|r Mantle of the Talon King|n,
225,|cFFFFD200Achievement:|r The Steel Has Been Brought,|cFFFFD200Achievement:|r The Steel Has Been Brought|n,
227,,,
228,,,
229,,,
230,,,
231,,,
232,,,
233,,,
234,,,
235,,,
236,,,
237,,,
238,,,
239,,,
240,,,
241,,,
242,,,
243,,,
244,,,
245,,,
246,,,
247,,,
248,,,
249,,,
250,,,
251,,,
252,,,
253,,,
254,,,
255,,,
256,,,
257,,,
258,,,
259,,,
260,,,
261,,,
262,,,
263,,,
264,,,
265,,,
266,,,
267,,,
268,,,
269,,,
270,,,
271,,,
272,,,
273,,,
274,,,
275,,,
276,,,
277,,,
278,,,
279,,,
280,,,
281,,,
282,,,
283,,,
284,,,
285,,,
286,,,
287,,,
288,,,
289,,,
290,,,
291,,,
292,,,
293,,,
294,,,
295,,,
296,,,
297,,,
298,,,
299,,,
300,,,
301,,,
302,,,
303,,,
304,,,
323,,,
324,,,
325,,,
326,,,
327,,,
328,,,
329,,,
330,,,
331,,,
332,,,
333,,,
334,,,
335,,,
336,,,
337,,,
338,,,
339,,,
340,,,
341,,,
342,,,
343,,,
344,,,
345,,,
346,,,
347,,,
348,,,
349,,,
350,,,
351,,,
352,,,
353,,,
354,,,
355,,,
356,,,
357,,,
358,,,
359,,,
360,,,
361,,,
362,,,
363,,,
364,,,
365,,,
366,,,
367,,,
368,,,
369,,,
370,,,
371,,,
372,,,
373,,,
374,,,
375,,,
376,,,
377,,,
378,,,
379,,,
380,,,
381,,,
382,,,
383,,,
384,,,
385,,,
386,,,
387,,,
388,,,
389,,,
390,,,
391,,,
392,,,
393,,,
394,,,
395,,,
396,,,
397,,,
398,,,
399,,,
400,,,
401,,,
402,,,
403,,,
404,,,
405,,,
406,,,
407,,,
408,,,
409,,,
410,,,
411,,,
412,,,
413,,,
414,,,
415,,,
416,,,
417,,,
418,,,
419,,,
420,,,
421,,,
422,,,
423,,,
424,,,
425,,,
426,,,
427,,,
428,,,
429,,,
430,,,
431,,,
432,,,
433,,,
434,,,
435,,,
436,,,
437,,,
438,,,
439,,,
440,,,
441,,,
442,,,
443,,,
444,,,
445,,,
446,,,
447,,,
448,,,
449,,,
450,,,
451,,,
452,,,
453,|cFFFFD200Quest:|r Standing United|n|cFFFFD200Zone:|r Spires of Arak,|cFFFFD200Quest:|r Standing United|n|cFFFFD200Zone:|r Spires of Arak,
454,,,
455,|cFFFFD200Quest:|r For the Children!|n,|cFFFFD200Quest:|r For the Children!|n,
458,"|cFFFFD200Vendor:|r Kil'rip|n|cFFFFD200Faction:|r Laughing Skull Orcs - Revered|n|cFFFFD200Location:|r Garrison Trading Post|n|cFFFFD200Cost:|r 5,000|TINTERFACE\MONEYFRAME\UI-GOLDICON.BLP:0|t","|cFFFFD200Vendor:|r Maaria|n|cFFFFD200Faction:|r Sha'tari Defense - Revered|n|cFFFFD200Location:|r Garrison Trading Post|n|cFFFFD200Cost:|r 5,000|TINTERFACE\MONEYFRAME\UI-GOLDICON.BLP:0|t",
459,"|cFFFFD200Vendor:|r Beska Redtusk|n|cFFFFD200Faction:|r Frostwolf Orcs - Revered|n|cFFFFD200Location:|r Ashran|n|cFFFFD200Cost:|r 5,000|TINTERFACE\MONEYFRAME\UI-GOLDICON.BLP:0|t","|cFFFFD200Vendor:|r Vindicator Nuurem|n|cFFFFD200Faction:|r Council of Exarchs - Revered|n|cFFFFD200Location:|r Ashran|n|cFFFFD200Cost:|r 5,000|TINTERFACE\MONEYFRAME\UI-GOLDICON.BLP:0|t",
460,"|cFFFFD200Faction:|r Steamwheedle Preservation Society - Revered|n|cFFFFD200Location:|r Ashran|n|cFFFFD200Cost:|r 5,000|TINTERFACE\MONEYFRAME\UI-GOLDICON.BLP:0|t","|cFFFFD200Faction:|r Steamwheedle Preservation Society - Revered|n|cFFFFD200Location:|r Ashran|n|cFFFFD200Cost:|r 5,000|TINTERFACE\MONEYFRAME\UI-GOLDICON.BLP:0|t",
462,"|cFFFFD200Location:|r Ashran|n|cFFFFD200Cost:|r 5,000|Tinterface\moneyframe\ui-goldicon.blp:0|t 5,000|Tinterface\icons\inv_misc_apexis_crystal.blp:0|t","|cFFFFD200Location:|r Ashran|n|cFFFFD200Cost:|r 5,000|Tinterface\moneyframe\ui-goldicon.blp:0|t 5,000|Tinterface\icons\inv_misc_apexis_crystal.blp:0|t",
463,|cFFFFD200Mission:|r Stonefury Rescue|n|cFFFFD200Zone:|r Frostfire Ridge,|cFFFFD200Mission:|r Rangari Rescue|n|cFFFFD200Zone:|r Shadowmoon Valley,
465,|cFFFFD200Achievement:|r Don't Call Me Junior,|cFFFFD200Achievement:|r Don't Call Me Junior,
466,|cFFFFD200Quest:|r An Inside Job|n|cFFFFD200Zone:|r Legendary Quest,|cFFFFD200Quest:|r An Inside Job|n|cFFFFD200Zone:|r Legendary Quest|n,
467,|cFFFFD200Zone:|r Ashran|n,|cFFFFD200Zone:|r Ashran|n,
468,|cFFFFD200Quest:|r The Cipher of Damnation|n|cFFFFD200Zone:|r Tanaan Jungle|n|n,|cFFFFD200Quest:|r The Cipher of Damnation|n|cFFFFD200Zone:|r Tanaan Jungle|n|n,
469,,,
470,,,
471,,,
472,,,
473,,,
474,|cFFFFD200Achievement:|r Between Ariok and a Hard Place,|cFFFFD200Achievement:|r Between Ariok and a Hard Place|n|n,
475,,,
478,|cFFFFD200Class:|r Paladin|n|n|cFFFFD200Quest:|r |n|n|cFFFFD200Zone:|r Azsuna,|cFFFFD200Class:|r Paladin|n|n|cFFFFD200Quest:|r |n|n|cFFFFD200Zone:|r Azsuna,
479,|cFFFFD200Class:|r Paladin|n|n|cFFFFD200Quest:|r A New Dawn|n|n|cFFFFD200Zone:|r Sanctum of Light,|cFFFFD200Class:|r Paladin|n|n|cFFFFD200Quest:|r The Hunt Ends|n|n|cFFFFD200Zone:|r Sanctum of Light,
480,|cFFFFD200Class:|r Paladin|n|n|cFFFFD200Quest:|r |n|n|cFFFFD200Zone:|r Sanctum of Light,|cFFFFD200Class:|r Paladin|n|n|cFFFFD200Quest:|r |n|n|cFFFFD200Zone:|r Sanctum of Light,
482,,,
483,,,
484,,,
485,,,
486,,,
487,,,
488,,,
489,,,
490,,,
491,,,
492,,,
493,,,
494,,,
495,,,
496,,,
497,,,
498,"|cFFFFD200Class:|r Demon Hunter|n|n|cFFFFD200Quest:|r Rise, Champions|n|n|cFFFFD200Zone:|r The Fel Hammer","|cFFFFD200Class:|r Demon Hunter|n|n|cFFFFD200Quest:|r Rise, Champions|n|n|cFFFFD200Zone:|r The Fel Hammer",
499,"|cFFFFD200Class:|r Demon Hunter|n|n|cFFFFD200Quest:|r Last, But Not Least|n|n|cFFFFD200Zone:|r The Fel Hammer","|cFFFFD200Class:|r Demon Hunter|n|n|cFFFFD200Quest:|r Last, But Not Least|n|n|cFFFFD200Zone:|r The Fel Hammer",
500,,,
501,,,
502,,,
503,,,
504,,,
505,,,
506,,,
507,,,
508,,,
509,,,
510,,,
511,,,
512,,,
513,,,
514,,,
515,,,
516,,,
517,,,
518,,,
519,,,
520,,,
521,,,
522,,,
523,,,
524,,,
525,,,
526,,,
527,,,
528,,,
529,,,
530,,,
531,,,
532,,,
533,,,
534,,,
535,,,
536,,,
537,,,
538,,,
539,,,
540,,,
541,,,
542,,,
543,,,
544,,,
545,,,
546,,,
547,,,
548,,,
549,,,
550,,,
551,,,
552,,,
553,,,
554,,,
555,,,
556,,,
557,,,
558,,,
559,,,
560,,,
561,,,
562,,,
563,,,
564,,,
565,,,
566,,,
567,,,
568,,,
569,,,
570,,,
571,,,
572,,,
573,,,
574,,,
575,,,
576,,,
577,,,
578,,,
579,,,
580,|cFFFFD200Vendor: |rZ'tenga the Walker|n|cFFFFD200Zone: |rTanaan Jungle|n|cFFFFD200Faction: |rSaberstalkers - Honored,|cFFFFD200Vendor: |rZ'tenga the Walker|n|cFFFFD200Zone: |rTanaan Jungle|n|cFFFFD200Faction: |rSaberstalkers - Honored,
581,|cFFFFD200Vendor: |rShadow Hunter Denjai|n|cFFFFD200Zone: |rTanaan Jungle|n|cFFFFD200Faction: |rVol'jin's Headhunters - Honored,|cFFFFD200Vendor: |rVindicator Krethos|n|cFFFFD200Zone: |rTanaan Jungle|n|cFFFFD200Faction: |rHand of the Prophet - Honored,
582,|cFFFFD200Vendor: |rDawn-Seeker Krisek|n|cFFFFD200Zone: |rTanaan Jungle|n|cFFFFD200Faction: |rOrder of the Awakened - Honored,|cFFFFD200Vendor: |rDawn-Seeker Krisek|n|cFFFFD200Zone: |rTanaan Jungle|n|cFFFFD200Faction: |rOrder of the Awakened - Honored,
583,,,
584,|cFFFFD200Class:|r Death Knight|n|n|cFFFFD200Quest:|r Natural Allies|n|n|cFFFFD200Zone:|r Acherus,|cFFFFD200Class:|r Death Knight|n|n|cFFFFD200Quest:|r Natural Allies|n|n|cFFFFD200Zone:|r Acherus,
585,|cFFFFD200Class:|r Warrior|n|n|cFFFFD200Quest:|r The Second Valarjar|n|n|cFFFFD200Zone:|r Halls of Valor,|cFFFFD200Class:|r Warrior|n|n|cFFFFD200Quest:|r The Second Valarjar|n|n|cFFFFD200Zone:|r Halls of Valor,
586,|cFFFFD200Class:|r Death Knight|n|n|cFFFFD200Quest:|r Always a Knight of the Ebon Blade|n|n|cFFFFD200Zone:|r Azsuna,|cFFFFD200Class:|r Death Knight|n|n|cFFFFD200Quest:|r Always a Knight of the Ebon Blade|n|n|cFFFFD200Zone:|r Azsuna,
587,|cFFFFD200Class:|r Warrior|n|n|cFFFFD200Mission:|r The Veteran|n|n|cFFFFD200Zone:|r Halls of Valor,|cFFFFD200Class:|r Warrior|n|n|cFFFFD200Mission:|r The Veteran|n|n|cFFFFD200Zone:|r Halls of Valor,
588,"|cFFFFD200Class:|r Monk|n|n|cFFFFD200Quest:|r Rise, Champions|n|n|cFFFFD200Zone:|r Monk Campaign","|cFFFFD200Class:|r Monk|n|n|cFFFFD200Quest:|r Rise, Champions|n|n|cFFFFD200Zone:|r Monk Campaign",
589,|cFFFFD200Class:|r Warlock|n|n|cFFFFD200Quest:|r Rebuilding the Council|n|n|cFFFFD200Zone:|r Dreadscar Rift,|cFFFFD200Class:|r Warlock|n|n|cFFFFD200Quest:|r Rebuilding the Council|n|n|cFFFFD200Zone:|r Dreadscar Rift,
590,|cFFFFD200Class:|r Warlock|n|n|cFFFFD200Quest:|r A Trifling Legacy|n|n|cFFFFD200Zone:|r Dalaran,|cFFFFD200Class:|r Warlock|n|n|cFFFFD200Quest:|r A Trifling Legacy|n|n|cFFFFD200Zone:|r Dalaran,
591,"|cFFFFD200Class:|r Rogue|n|n|cFFFFD200Quest:|r Rise, Champions|n|n|cFFFFD200Zone:|r The Hall of Shadows","|cFFFFD200Class:|r Rogue|n|n|cFFFFD200Quest:|r Rise, Champions|n|n|cFFFFD200Zone:|r The Hall of Shadows",Vanessa VanCleef
592,|cFFFFD200Class:|r Rogue|n|n|cFFFFD200Quest:|r Endless Vengeance|n|n|cFFFFD200Zone:|r The Hall of Shadows,|cFFFFD200Class:|r Rogue|n|n|cFFFFD200Quest:|r Endless Vengeance|n|n|cFFFFD200Zone:|r The Hall of Shadows,
593,|cFFFFD200Class:|r Hunter|n|n|cFFFFD200Mission:|r A Strong Right Hand|n|n|cFFFFD200Zone:|r Trueshot Lodge,|cFFFFD200Class:|r Hunter|n|n|cFFFFD200Mission:|r A Strong Right Hand|n|n|cFFFFD200Zone:|r Trueshot Lodge,
594,|cFFFFD200Class:|r Demon Hunter|n|n|cFFFFD200Quest:|r Two Worthies|n|n|cFFFFD200Zone:|r The Fel Hammer,|cFFFFD200Class:|r Demon Hunter|n|n|cFFFFD200Quest:|r Two Worthies|n|n|cFFFFD200Zone:|r The Fel Hammer,
595,"|cFFFFD200Class:|r Demon Hunter|n|n|cFFFFD200Quest:|r Rise, Champions|n|n|cFFFFD200Zone:|r The Fel Hammer","|cFFFFD200Class:|r Demon Hunter|n|n|cFFFFD200Quest:|r Rise, Champions|n|n|cFFFFD200Zone:|r The Fel Hammer",
596,"|cFFFFD200Class:|r Monk|n|n|cFFFFD200Quest:|r Rise, Champions|n|n|cFFFFD200Zone:|r Monk Campaign","|cFFFFD200Class:|r Monk|n|n|cFFFFD200Quest:|r Rise, Champions|n|n|cFFFFD200Zone:|r Monk Campaign",
597,|cFFFFD200Class:|r Mage|n|n|cFFFFD200Quest:|r An Unexpected Champion|n|n|cFFFFD200Zone:|r Dalaran,|cFFFFD200Class:|r Mage|n|n|cFFFFD200Quest:|r An Unexpected Champion|n|n|cFFFFD200Zone:|r Dalaran,
598,|cFFFFD200Class:|r Mage|n|n|cFFFFD200Quest:|r The Other City of Mages|n|n|cFFFFD200Zone:|r Hall of the Guardian,|cFFFFD200Class:|r Mage|n|n|cFFFFD200Quest:|r The Other City of Mages|n|n|cFFFFD200Zone:|r Hall of the Guardian,
599,|cFFFFD200Class:|r Death Knight|n|n|cFFFFD200Quest:|r |n|cFFFFD200Zone:|r Azsuna,|cFFFFD200Class:|r Death Knight|n|n|cFFFFD200Quest:|r |n|n|cFFFFD200Zone:|r Azsuna,
600,,,
601,,,
602,|cFFFFD200Class:|r Monk|n|n|cFFFFD200Quest:|r Rebuilding the Order|n|n|cFFFFD200Zone:|r Monk Campaign,|cFFFFD200Class:|r Monk|n|n|cFFFFD200Quest:|r Rebuilding the Order|n|n|cFFFFD200Zone:|r Monk Campaign,
603,|cFFFFD200Class:|r Monk|n|n|cFFFFD200Quest:|r Rebuilding the Order|n|n|cFFFFD200Zone:|r Monk Campaign,|cFFFFD200Class:|r Monk|n|n|cFFFFD200Quest:|r Rebuilding the Order|n|n|cFFFFD200Zone:|r Monk Campaign,
604,|cFFFFD200Class:|r Monk|n|n|cFFFFD200Quest:|r Brick by Brick|n|n|cFFFFD200Zone:|r Monk Campaign,|cFFFFD200Class:|r Monk|n|n|cFFFFD200Quest:|r Brick by Brick|n|n|cFFFFD200Zone:|r Monk Campaign,
605,|cFFFFD200Class:|r Monk|n|n|cFFFFD200Quest:|r Brick by Brick|n|n|cFFFFD200Zone:|r Monk Campaign,|cFFFFD200Class:|r Monk|n|n|cFFFFD200Quest:|r Brick by Brick|n|n|cFFFFD200Zone:|r Monk Campaign,
606,|cFFFFD200Class:|r Monk|n|n|cFFFFD200Quest:|r Brick by Brick|n|n|cFFFFD200Zone:|r Monk Campaign,|cFFFFD200Class:|r Monk|n|n|cFFFFD200Quest:|r Brick by Brick|n|n|cFFFFD200Zone:|r Monk Campaign,
607,|cFFFFD200Class:|r Monk|n|n|cFFFFD200Quest:|r Storm Brew|n|n|cFFFFD200Zone:|r Monk Campaign,|cFFFFD200Class:|r Monk|n|n|cFFFFD200Quest:|r Storm Brew|n|n|cFFFFD200Zone:|r Monk Campaign,
608,|cFFFFD200Class:|r Warlock|n|n|cFFFFD200Quest:|r Rebuilding the Council|n|n|cFFFFD200Zone:|r Dreadscar Rift,|cFFFFD200Class:|r Warlock|n|n|cFFFFD200Quest:|r Rebuilding the Council|n|n|cFFFFD200Zone:|r Dreadscar Rift,
609,|cFFFFD200Class:|r Warlock|n|n|cFFFFD200Quest:|r Rebuilding the Council|n|n|cFFFFD200Zone:|r Dreadscar Rift,|cFFFFD200Class:|r Warlock|n|n|cFFFFD200Quest:|r Rebuilding the Council|n|n|cFFFFD200Zone:|r Dreadscar Rift,
610,|cFFFFD200Class:|r Warlock|n|n|cFFFFD200Quest:|r Rebuilding the Council|n|n|cFFFFD200Zone:|r Dreadscar Rift,|cFFFFD200Class:|r Warlock|n|n|cFFFFD200Quest:|r Rebuilding the Council|n|n|cFFFFD200Zone:|r Dreadscar Rift,
611,|cFFFFD200Class:|r Warlock|n|n|cFFFFD200Quest:|r Rebuilding the Council|n|n|cFFFFD200Zone:|r Dreadscar Rift,|cFFFFD200Class:|r Warlock|n|n|cFFFFD200Quest:|r Rebuilding the Council|n|n|cFFFFD200Zone:|r Dreadscar Rift,
612,|cFFFFD200Class:|r Warlock|n|n|cFFFFD200Quest:|r Rebuilding the Council|n|n|cFFFFD200Zone:|r Dreadscar Rift,|cFFFFD200Class:|r Warlock|n|n|cFFFFD200Quest:|r Rebuilding the Council|n|n|cFFFFD200Zone:|r Dreadscar Rift,
613,|cFFFFD200Class:|r Warlock|n|n|cFFFFD200Quest:|r Rebuilding the Council|n|n|cFFFFD200Zone:|r Dreadscar Rift,|cFFFFD200Class:|r Warlock|n|n|cFFFFD200Quest:|r Rebuilding the Council|n|n|cFFFFD200Zone:|r Dreadscar Rift,
614,|cFFFFD200Class:|r Warlock|n|n|cFFFFD200Quest:|r Rebuilding the Council|n|n|cFFFFD200Zone:|r Dreadscar Rift,|cFFFFD200Class:|r Warlock|n|n|cFFFFD200Quest:|r Rebuilding the Council|n|n|cFFFFD200Zone:|r Dreadscar Rift,
615,|cFFFFD200Class:|r Warlock|n|n|cFFFFD200Quest:|r Rebuilding the Council|n|n|cFFFFD200Zone:|r Dreadscar Rift,|cFFFFD200Class:|r Warlock|n|n|cFFFFD200Quest:|r Rebuilding the Council|n|n|cFFFFD200Zone:|r Dreadscar Rift,
616,|cFFFFD200Class:|r Warlock|n|n|cFFFFD200Quest:|r Rebuilding the Council|n|n|cFFFFD200Zone:|r Dreadscar Rift,|cFFFFD200Class:|r Warlock|n|n|cFFFFD200Quest:|r Rebuilding the Council|n|n|cFFFFD200Zone:|r Dreadscar Rift,
617,|cFFFFD200Class:|r Warlock|n|n|cFFFFD200Quest:|r Rebuilding the Council|n|n|cFFFFD200Zone:|r Dreadscar Rift,|cFFFFD200Class:|r Warlock|n|n|cFFFFD200Quest:|r Rebuilding the Council|n|n|cFFFFD200Zone:|r Dreadscar Rift,
618,|cFFFFD200Class:|r Warlock|n|n|cFFFFD200Quest:|r Rebuilding the Council|n|n|cFFFFD200Zone:|r Dreadscar Rift,|cFFFFD200Class:|r Warlock|n|n|cFFFFD200Quest:|r Rebuilding the Council|n|n|cFFFFD200Zone:|r Dreadscar Rift,
619,|cFFFFD200Class:|r Warlock|n|n|cFFFFD200Quest:|r Rebuilding the Council|n|n|cFFFFD200Zone:|r Dreadscar Rift,|cFFFFD200Class:|r Warlock|n|n|cFFFFD200Quest:|r Rebuilding the Council|n|n|cFFFFD200Zone:|r Dreadscar Rift,
620,|cFFFFD200Class:|r Warlock|n|n|cFFFFD200Quest:|r Rebuilding the Council|n|n|cFFFFD200Zone:|r Dreadscar Rift,|cFFFFD200Class:|r Warlock|n|n|cFFFFD200Quest:|r Rebuilding the Council|n|n|cFFFFD200Zone:|r Dreadscar Rift,
621,|cFFFFD200Class:|r Warlock|n|n|cFFFFD200Quest:|r A Trifling Legacy|n|n|cFFFFD200Zone:|r Dalaran,|cFFFFD200Class:|r Warlock|n|n|cFFFFD200Quest:|r A Trifling Legacy|n|n|cFFFFD200Zone:|r Dalaran,
622,,,
623,,,
624,,,
625,,,
626,,,
627,,,
628,,,
629,,,
630,,,
631,,,
632,,,
633,,,
634,,,
635,|cFFFFD200Class:|r Monk|n|n|cFFFFD200Quest:|r The Adventure Continues|n|n|cFFFFD200Zone:|r The Wandering Isle,|cFFFFD200Class:|r Monk|n|n|cFFFFD200Quest:|r The Adventure Continues|n|n|cFFFFD200Zone:|r The Wandering Isle,
636,|cFFFFD200Class:|r Monk|n|n|cFFFFD200Quest:|r |n|n|cFFFFD200Zone:|r The Wandering Isle,|cFFFFD200Class:|r Monk|n|n|cFFFFD200Quest:|r |n|n|cFFFFD200Zone:|r The Wandering Isle,
639,"|cFFFFD200Class:|r Druid|n|n|cFFFFD200Quest:|r Rise, Champions|n|n|cFFFFD200Zone:|r Druid Campaign","|cFFFFD200Class:|r Druid|n|n|cFFFFD200Quest:|r Rise, Champions|n|n|cFFFFD200Zone:|r Druid Campaign",
640,"|cFFFFD200Class:|r Druid|n|n|cFFFFD200Quest:|r Rise, Champions|n|n|cFFFFD200Zone:|r Druid Campaign","|cFFFFD200Class:|r Druid|n|n|cFFFFD200Quest:|r Rise, Champions|n|n|cFFFFD200Zone:|r Druid Campaign",
641,|cFFFFD200Class:|r Druid|n|n|cFFFFD200Quest:|r Idol of the Wilds|n|n|cFFFFD200Zone:|r Druid Campaign,|cFFFFD200Class:|r Druid|n|n|cFFFFD200Quest:|r Idol of the Wilds|n|n|cFFFFD200Zone:|r Druid Campaign,
642,|cFFFFD200Class:|r Druid|n|n|cFFFFD200Quest:|r Idol of the Wilds|n|n|cFFFFD200Zone:|r Druid Campaign,|cFFFFD200Class:|r Druid|n|n|cFFFFD200Quest:|r Idol of the Wilds|n|n|cFFFFD200Zone:|r Druid Campaign,
643,|cFFFFD200Class:|r Druid|n|n|cFFFFD200Quest:|r A New Beginning|n|n|cFFFFD200Zone:|r Druid Campaign,|cFFFFD200Class:|r Druid|n|n|cFFFFD200Quest:|r A New Beginning|n|n|cFFFFD200Zone:|r Druid Campaign,
644,|cFFFFD200Class:|r Druid|n|n|cFFFFD200Quest:|r A New Beginning|n|n|cFFFFD200Zone:|r Druid Campaign,|cFFFFD200Class:|r Druid|n|n|cFFFFD200Quest:|r A New Beginning|n|n|cFFFFD200Zone:|r Druid Campaign,
645,|cFFFFD200Class:|r Druid|n|n|cFFFFD200Quest:|r The Shade of Xavius|n|n|cFFFFD200Zone:|r Druid Campaign,|cFFFFD200Class:|r Druid|n|n|cFFFFD200Quest:|r The Shade of Xavius|n|n|cFFFFD200Zone:|r Druid Campaign,
646,|cFFFFD200Class:|r Druid|n|n|cFFFFD200Quest:|r The Demi-God's Return|n|n|cFFFFD200Zone:|r Druid Campaign,|cFFFFD200Class:|r Druid|n|n|cFFFFD200Quest:|r The Demi-God's Return|n|n|cFFFFD200Zone:|r Druid Campaign,
647,,,
648,,,
649,,,
650,,,
651,,,
652,,,
653,,,
654,,,
655,,,
656,,,
657,,,
658,,,
659,,,
660,,,
661,,,
662,,,
663,,,
664,,,
665,,,
666,,,
667,,,
668,,,
669,,,
670,,,
671,,,
672,,,
673,,,
674,,,
675,,,
676,,,
677,,,
678,,,
679,,,
680,,,
681,,,
682,,,
683,,,
684,,,
685,,,
686,,,
687,,,
688,,,
689,,,
690,,,
691,,,
692,,,
693,,,
694,,,
695,,,
696,,,
697,,,
698,,,
699,,,
700,,,
701,,,
702,,,
703,,,
704,,,
708,|cFFFFD200Class:|r Warrior|n|n|cFFFFD200Quest:|r |n|n|cFFFFD200Zone:|r ,|cFFFFD200Class:|r Warrior|n|n|cFFFFD200Quest:|r |n|n|cFFFFD200Zone:|r ,
709,|cFFFFD200Class:|r Warrior|n|n|cFFFFD200Quest:|r |n|n|cFFFFD200Zone:|r ,|cFFFFD200Class:|r Warrior|n|n|cFFFFD200Quest:|r |n|n|cFFFFD200Zone:|r ,
710,|cFFFFD200Class:|r Warrior|n|n|cFFFFD200Quest:|r |n|n|cFFFFD200Zone:|r ,|cFFFFD200Class:|r Warrior|n|n|cFFFFD200Quest:|r |n|n|cFFFFD200Zone:|r ,
711,|cFFFFD200Class:|r Warrior|n|n|cFFFFD200Quest:|r |n|n|cFFFFD200Zone:|r ,|cFFFFD200Class:|r Warrior|n|n|cFFFFD200Quest:|r |n|n|cFFFFD200Zone:|r ,
712,|cFFFFD200Class:|r Warrior|n|n|cFFFFD200Quest:|r |n|n|cFFFFD200Zone:|r ,|cFFFFD200Class:|r Warrior|n|n|cFFFFD200Quest:|r |n|n|cFFFFD200Zone:|r ,
713,|cFFFFD200Class:|r Warrior|n|n|cFFFFD200Quest:|r |n|n|cFFFFD200Zone:|r ,|cFFFFD200Class:|r Warrior|n|n|cFFFFD200Quest:|r |n|n|cFFFFD200Zone:|r ,
714,|cFFFFD200Class:|r Warrior|n|n|cFFFFD200Quest:|r |n|n|cFFFFD200Zone:|r ,|cFFFFD200Class:|r Warrior|n|n|cFFFFD200Quest:|r |n|n|cFFFFD200Zone:|r ,
715,|cFFFFD200Class:|r Warrior|n|n|cFFFFD200Quest:|r |n|n|cFFFFD200Zone:|r ,|cFFFFD200Class:|r Warrior|n|n|cFFFFD200Quest:|r |n|n|cFFFFD200Zone:|r ,
716,|cFFFFD200Class:|r Mage|n|n|cFFFFD200Quest:|r |n|n|cFFFFD200Zone:|r Hall of the Guardian,|cFFFFD200Class:|r Mage|n|n|cFFFFD200Quest:|r |n|n|cFFFFD200Zone:|r Hall of the Guardian,
717,|cFFFFD200Class:|r Mage|n|n|cFFFFD200Quest:|r |n|n|cFFFFD200Zone:|r Hall of the Guardian,|cFFFFD200Class:|r Mage|n|n|cFFFFD200Quest:|r |n|n|cFFFFD200Zone:|r Hall of the Guardian,
718,|cFFFFD200Class:|r Rogue|n|n|cFFFFD200Quest:|r Into Our Ranks|n|n|cFFFFD200Zone:|r The Fel Hammer,|cFFFFD200Class:|r Rogue|n|n|cFFFFD200Quest:|r Into Our Ranks|n|n|cFFFFD200Zone:|r The Fel Hammer,
719,|cFFFFD200Class:|r Rogue|n|n|cFFFFD200Quest:|r Into Our Ranks|n|n|cFFFFD200Zone:|r The Fel Hammer,|cFFFFD200Class:|r Rogue|n|n|cFFFFD200Quest:|r Into Our Ranks|n|n|cFFFFD200Zone:|r The Fel Hammer,
720,|cFFFFD200Class:|r Demon|n|n|cFFFFD200Quest:|r Two Worthies|n|n|cFFFFD200Zone:|r The Fel Hammer,|cFFFFD200Class:|r Demon|n|n|cFFFFD200Quest:|r Two Worthies|n|n|cFFFFD200Zone:|r The Fel Hammer,
721,|cFFFFD200Class:|r Demon Hunter|n|n|cFFFFD200Quest:|r Into Our Ranks|n|n|cFFFFD200Zone:|r The Fel Hammer,|cFFFFD200Class:|r Demon Hunter|n|n|cFFFFD200Quest:|r Into Our Ranks|n|n|cFFFFD200Zone:|r The Fel Hammer,
722,"|cFFFFD200Class:|r Demon Hunter|n|n|cFFFFD200Quest:|r Rise, Champions|n|n|cFFFFD200Zone:|r The Fel Hammer","|cFFFFD200Class:|r Demon Hunter|n|n|cFFFFD200Quest:|r Rise, Champions|n|n|cFFFFD200Zone:|r The Fel Hammer",
723,|cFFFFD200Class:|r Mage|n|n|cFFFFD200Quest:|r |n|n|cFFFFD200Zone:|r Hall of the Guardian,|cFFFFD200Class:|r Mage|n|n|cFFFFD200Quest:|r |n|n|cFFFFD200Zone:|r Hall of the Guardian,
724,|cFFFFD200Class:|r Mage|n|n|cFFFFD200Quest:|r |n|n|cFFFFD200Zone:|r Hall of the Guardian,|cFFFFD200Class:|r Mage|n|n|cFFFFD200Quest:|r |n|n|cFFFFD200Zone:|r Hall of the Guardian,
725,|cFFFFD200Class:|r Mage|n|n|cFFFFD200Quest:|r |n|n|cFFFFD200Zone:|r Hall of the Guardian,|cFFFFD200Class:|r Mage|n|n|cFFFFD200Quest:|r |n|n|cFFFFD200Zone:|r Hall of the Guardian,
726,|cFFFFD200Class:|r Mage|n|n|cFFFFD200Quest:|r |n|n|cFFFFD200Zone:|r Hall of the Guardian,|cFFFFD200Class:|r Mage|n|n|cFFFFD200Quest:|r |n|n|cFFFFD200Zone:|r Hall of the Guardian,
727,,,
728,,,
729,,,
730,,,
731,,,
732,,,
733,|cFFFFD200Class:|r All|n|n|cFFFFD200Quest:|r |n|n|cFFFFD200Zone:|r Karazhan,|cFFFFD200Class:|r Druid|n|n|cFFFFD200Quest:|r |n|n|cFFFFD200Zone:|r ,
734,,,
735,,,
736,,,
737,,,
738,,,
739,,,
740,,,
741,,,
742,|cFFFFD200Class:|r Hunter|n|n|cFFFFD200Quest:|r Champion: Loren Stormhoof|n|n|cFFFFD200Zone:|r Trueshot Lodge,|cFFFFD200Class:|r Hunter|n|n|cFFFFD200Quest:|r Champion: Loren Stormhoof|n|n|cFFFFD200Zone:|r Trueshot Lodge,
743,|cFFFFD200Class:|r Hunter|n|n|cFFFFD200Quest:|r Champion: Rexxar|n|n|cFFFFD200Zone:|r Highmountain,|cFFFFD200Class:|r Hunter|n|n|cFFFFD200Quest:|r Champion: Rexxar|n|n|cFFFFD200Zone:|r Highmountain,
744,|cFFFFD200Class:|r Hunter|n|n|cFFFFD200Quest:|r Champion: Beastmaster Hilaire|n|n|cFFFFD200Zone:|r Stormheim,|cFFFFD200Class:|r Hunter|n|n|cFFFFD200Quest:|r Champion: Beastmaster Hilaire|n|n|cFFFFD200Zone:|r Stormheim,
745,|cFFFFD200Class:|r Hunter|n|n|cFFFFD200Quest:|r Champion: Hemet Nesingwary|n|n|cFFFFD200Zone:|r Highmountain,|cFFFFD200Class:|r Hunter|n|n|cFFFFD200Quest:|r Champion: Hemet Nesingwary|n|n|cFFFFD200Zone:|r Highmountain,
746,|cFFFFD200Class:|r Hunter|n|n|cFFFFD200Quest:|r Champion: Addie Fizzlebog|n|n|cFFFFD200Zone:|r Highmountain,|cFFFFD200Class:|r Hunter|n|n|cFFFFD200Quest:|r Champion: Addie Fizzlebog|n|n|cFFFFD200Zone:|r Highmountain,
747,|cFFFFD200Class:|r Hunter|n|n|cFFFFD200Quest:|r Champion: Huntsman Blake|n|n|cFFFFD200Zone:|r Stormheim,|cFFFFD200Class:|r Hunter|n|n|cFFFFD200Quest:|r Champion: Huntsman Blake|n|n|cFFFFD200Zone:|r Stormheim,
748,|cFFFFD200Class:|r Hunter|n|n|cFFFFD200Quest:|r Champion: Halduron Brightwing|n|n|cFFFFD200Zone:|r Trueshot Lodge,|cFFFFD200Class:|r Hunter|n|n|cFFFFD200Quest:|r Champion: Halduron Brightwing|n|n|cFFFFD200Zone:|r Trueshot Lodge,
749,,,
750,,,
751,,,
752,,,
753,,,
754,,,
755,|cFFFFD200Class:|r Paladin|n|n|cFFFFD200Quest:|r A New Dawn|n|n|cFFFFD200Zone:|r Sanctum of Light,|cFFFFD200Class:|r Paladin|n|n|cFFFFD200Quest:|r The Hunt Ends|n|n|cFFFFD200Zone:|r Sanctum of Light,
756,|cFFFFD200Class:|r Paladin|n|n|cFFFFD200Quest:|r A New Dawn|n|n|cFFFFD200Zone:|r Sanctum of Light,|cFFFFD200Class:|r Paladin|n|n|cFFFFD200Quest:|r The Hunt Ends|n|n|cFFFFD200Zone:|r Sanctum of Light,
757,|cFFFFD200Class:|r Paladin|n|n|cFFFFD200Quest:|r A New Dawn|n|n|cFFFFD200Zone:|r Sanctum of Light,|cFFFFD200Class:|r Paladin|n|n|cFFFFD200Quest:|r The Hunt Ends|n|n|cFFFFD200Zone:|r Sanctum of Light,
758,|cFFFFD200Class:|r Paladin|n|n|cFFFFD200Quest:|r A New Dawn|n|n|cFFFFD200Zone:|r Sanctum of Light,|cFFFFD200Class:|r Paladin|n|n|cFFFFD200Quest:|r The Hunt Ends|n|n|cFFFFD200Zone:|r Sanctum of Light,
759,|cFFFFD200Class:|r Paladin|n|n|cFFFFD200Quest:|r A New Dawn|n|n|cFFFFD200Zone:|r Sanctum of Light,|cFFFFD200Class:|r Paladin|n|n|cFFFFD200Quest:|r The Hunt Ends|n|n|cFFFFD200Zone:|r Sanctum of Light,
760,,,
761,|cFFFFD200Class:|r Mage|n|n|cFFFFD200Quest:|r |n|n|cFFFFD200Zone:|r Hall of the Guardian,|cFFFFD200Class:|r Mage|n|n|cFFFFD200Quest:|r |n|n|cFFFFD200Zone:|r Hall of the Guardian,
762,|cFFFFD200Class:|r Mage|n|n|cFFFFD200Quest:|r |n|n|cFFFFD200Zone:|r Hall of the Guardian,|cFFFFD200Class:|r Mage|n|n|cFFFFD200Quest:|r |n|n|cFFFFD200Zone:|r Hall of the Guardian,
763,,,
764,,,
765,,,
766,,,
767,,,
768,,,
769,,,
770,,,
771,,,
772,,,
773,,,
774,,,
775,,,
776,,,
777,,,
778,"|cFFFFD200Class:|r Rogue|n|n|cFFFFD200Quest:|r Rise, Champions|n|n|cFFFFD200Zone:|r The Hall of Shadows","|cFFFFD200Class:|r Rogue|n|n|cFFFFD200Quest:|r Rise, Champions|n|n|cFFFFD200Zone:|r The Hall of Shadows",
779,|cFFFFD200Class:|r Rogue|n|n|cFFFFD200Quest:|r Honor Among Thieves|n|n|cFFFFD200Zone:|r The Hall of Shadows,|cFFFFD200Class:|r Rogue|n|n|cFFFFD200Quest:|r Honor Among Thieves|n|n|cFFFFD200Zone:|r The Hall of Shadows,
780,|cFFFFD200Class:|r Rogue|n|n|cFFFFD200Quest:|r Honor Among Thieves|n|n|cFFFFD200Zone:|r The Hall of Shadows,|cFFFFD200Class:|r Rogue|n|n|cFFFFD200Quest:|r Honor Among Thieves|n|n|cFFFFD200Zone:|r The Hall of Shadows,
781,,,
782,,,
783,,,
784,,,
785,,,
786,,,
787,,,
788,,,
789,,,
790,,,
791,,,
792,,,
793,,,
794,,,
795,,,
796,,,
797,,,
798,,,
799,,,
800,,,
801,,,
802,,,
803,,,
804,,,
805,,,
806,,,
807,"|cFFFFD200Class:|r Demon Hunter|n|n|cFFFFD200Quest:|r Last, But Not Least|n|n|cFFFFD200Zone:|r The Fel Hammer","|cFFFFD200Class:|r Demon Hunter|n|n|cFFFFD200Quest:|r Last, But Not Least|n|n|cFFFFD200Zone:|r The Fel Hammer",
808,,,
809,,,
810,,,
811,,,
812,,,
813,,,
814,,,
815,,,
816,,,
817,,,
818,,,
819,,,
820,,,
821,,,
822,,,
823,,,
824,,,
825,,,
826,,,
827,,,
828,,,
829,,,
830,,,
831,,,
832,,,
833,,,
834,,,
835,,,
836,,,
837,,,
838,|cFFFFD200Class:|r Death Knight|n|n|cFFFFD200Quest:|r |n|cFFFFD200Zone:|r Azsuna,|cFFFFD200Class:|r Death Knight|n|n|cFFFFD200Quest:|r |n|n|cFFFFD200Zone:|r Azsuna,
839,|cFFFFD200Class:|r Death Knight|n|n|cFFFFD200Quest:|r This is a test|n|cFFFFD200Zone:|r Azsuna,|cFFFFD200Class:|r Death Knight|n|n|cFFFFD200Quest:|r This is a test|n|n|cFFFFD200Zone:|r Azsuna,
840,,,
841,,,
842,,,
843,,,
844,,,
845,,,
846,,,
847,,,
848,,,
849,,,
850,,,
851,,,
852,,,
853,|cFFFFD200Class:|r Death Knight|n|n|cFFFFD200Quest:|r |n|cFFFFD200Zone:|r Azsuna,|cFFFFD200Class:|r Death Knight|n|n|cFFFFD200Quest:|r |n|n|cFFFFD200Zone:|r Azsuna,
854,|cFFFFD200Class:|r Death Knight|n|n|cFFFFD200Quest:|r |n|cFFFFD200Zone:|r Azsuna,|cFFFFD200Class:|r Death Knight|n|n|cFFFFD200Quest:|r |n|n|cFFFFD200Zone:|r Azsuna,
855,|cFFFFD200Class:|r Death Knight|n|n|cFFFFD200Quest:|r |n|n|cFFFFD200Zone:|r Azsuna,|cFFFFD200Class:|r Death Knight|n|n|cFFFFD200Quest:|r |n|n|cFFFFD200Zone:|r Azsuna,
856,|cFFFFD200Class:|r Priest|n|n|cFFFFD200Quest:|r |n|n|cFFFFD200Zone:|r ,|cFFFFD200Class:|r Priest|n|n|cFFFFD200Quest:|r |n|n|cFFFFD200Zone:|r ,
857,|cFFFFD200Class:|r Priest|n|n|cFFFFD200Quest:|r |n|n|cFFFFD200Zone:|r ,|cFFFFD200Class:|r Priest|n|n|cFFFFD200Quest:|r |n|n|cFFFFD200Zone:|r ,
858,,,
859,,,
860,,,
861,,,
862,,,
863,,,
864,,,
865,,,
866,,,
867,,,
868,,,
869,,,
870,|cFFFFD200Class:|r Priest|n|n|cFFFFD200Quest:|r |n|n|cFFFFD200Zone:|r ,|cFFFFD200Class:|r Priest|n|n|cFFFFD200Quest:|r |n|n|cFFFFD200Zone:|r ,
871,|cFFFFD200Class:|r Priest|n|n|cFFFFD200Quest:|r |n|n|cFFFFD200Zone:|r ,|cFFFFD200Class:|r Priest|n|n|cFFFFD200Quest:|r |n|n|cFFFFD200Zone:|r ,
872,|cFFFFD200Class:|r Priest|n|n|cFFFFD200Quest:|r |n|n|cFFFFD200Zone:|r ,|cFFFFD200Class:|r Priest|n|n|cFFFFD200Quest:|r |n|n|cFFFFD200Zone:|r ,
873,|cFFFFD200Class:|r Priest|n|n|cFFFFD200Quest:|r |n|n|cFFFFD200Zone:|r ,|cFFFFD200Class:|r Priest|n|n|cFFFFD200Quest:|r |n|n|cFFFFD200Zone:|r ,
874,|cFFFFD200Class:|r Priest|n|n|cFFFFD200Quest:|r |n|n|cFFFFD200Zone:|r ,|cFFFFD200Class:|r Priest|n|n|cFFFFD200Quest:|r |n|n|cFFFFD200Zone:|r ,
875,|cFFFFD200Class:|r Priest|n|n|cFFFFD200Quest:|r |n|n|cFFFFD200Zone:|r ,|cFFFFD200Class:|r Priest|n|n|cFFFFD200Quest:|r |n|n|cFFFFD200Zone:|r ,
876,,,
877,,,
878,,,
879,,,
880,,,
881,,,
882,,,
883,,,
884,,,
885,,,
886,,,
887,,,
888,,,
889,,,
890,|cFFFFD200Class:|r Rogue|n|n|cFFFFD200Quest:|r Honor Among Thieves|n|n|cFFFFD200Zone:|r The Hall of Shadows,|cFFFFD200Class:|r Rogue|n|n|cFFFFD200Quest:|r Honor Among Thieves|n|n|cFFFFD200Zone:|r The Hall of Shadows,
891,|cFFFFD200Class:|r Rogue|n|n|cFFFFD200Quest:|r Champion: Valeera Sanguinar|n|n|cFFFFD200Zone:|r The Hall of Shadows,|cFFFFD200Class:|r Rogue|n|n|cFFFFD200Quest:|r Champion: Valeera Sanguinar|n|n|cFFFFD200Zone:|r The Hall of Shadows,
892,|cFFFFD200Class:|r Rogue|n|n|cFFFFD200Quest:|r Champion: Taoshi|n|n|cFFFFD200Zone:|r The Hall of Shadows,|cFFFFD200Class:|r Rogue|n|n|cFFFFD200Quest:|r Champion: Taoshi|n|n|cFFFFD200Zone:|r The Hall of Shadows,
893,|cFFFFD200Class:|r Rogue|n|n|cFFFFD200Quest:|r Champion: Master Mathias Shaw|n|n|cFFFFD200Zone:|r The Hall of Shadows,|cFFFFD200Class:|r Rogue|n|n|cFFFFD200Quest:|r Champion: Master Mathias Shaw|n|n|cFFFFD200Zone:|r The Hall of Shadows,
894,,,
895,,,
896,,,
897,,,
898,,,
899,,,
900,,,
901,,,
902,,,
903,,,
904,,,
905,,,
906,,,
907,,,
908,,,
909,,,
910,,,
911,,,
912,,,
913,,,
914,,,
915,,,
916,,,
917,,,
918,,,
919,,,
920,,,
921,,,
922,,,
923,,,
924,,,
925,,,
926,,,
927,,,
928,,,
929,,,
930,,,
931,,,
932,,,
938,,,
939,,,
941,,,
942,,,
943,,,
944,,,
946,,,
983,,,
984,,,
985,,,
986,|cFFFFD200Class:|r All|n|n|cFFFFD200Quest:|r |n|n|cFFFFD200Zone:|r ,|cFFFFD200Class:|r Druid|n|n|cFFFFD200Quest:|r |n|n|cFFFFD200Zone:|r ,
987,|cFFFFD200Class:|r Demon Hunter|n|n|cFFFFD200Quest:|r |n|n|cFFFFD200Zone:|r The Fel Hammer,|cFFFFD200Class:|r Demon Hunter|n|n|cFFFFD200Quest:|r |n|n|cFFFFD200Zone:|r The Fel Hammer,
988,"|cFFFFD200Class:|r Rogue|n|n|cFFFFD200Quest:|r This Time, Leave a Trail|n|n|cFFFFD200Zone:|r The Hall of Shadows","|cFFFFD200Class:|r Rogue|n|n|cFFFFD200Quest:|r This Time, Leave a Trail|n|n|cFFFFD200Zone:|r The Hall of Shadows",
989,|cFFFFD200Class:|r Warrior|n|n|cFFFFD200Quest:|r |n|n|cFFFFD200Zone:|r ,|cFFFFD200Class:|r Warrior|n|n|cFFFFD200Quest:|r |n|n|cFFFFD200Zone:|r ,
990,"|cFFFFD200Class:|r Demon Hunter|n|n|cFFFFD200Quest:|r Last, But Not Least|n|n|cFFFFD200Zone:|r The Fel Hammer","|cFFFFD200Class:|r Demon Hunter|n|n|cFFFFD200Quest:|r Last, But Not Least|n|n|cFFFFD200Zone:|r The Fel Hammer",
991,,,
992,|cFFFFD200Class:|r Warlock|n|n|cFFFFD200Quest:|r Rebuilding the Council|n|n|cFFFFD200Zone:|r Dreadscar Rift,|cFFFFD200Class:|r Warlock|n|n|cFFFFD200Quest:|r Rebuilding the Council|n|n|cFFFFD200Zone:|r Dreadscar Rift,
993,,,
994,|cFFFFD200Class:|r Mage|n|n|cFFFFD200Quest:|r |n|n|cFFFFD200Zone:|r Hall of the Guardian,|cFFFFD200Class:|r Mage|n|n|cFFFFD200Quest:|r |n|n|cFFFFD200Zone:|r Hall of the Guardian,
995,|cFFFFD200Class:|r Mage|n|n|cFFFFD200Quest:|r |n|n|cFFFFD200Zone:|r Hall of the Guardian,|cFFFFD200Class:|r Mage|n|n|cFFFFD200Quest:|r |n|n|cFFFFD200Zone:|r Hall of the Guardian,
996,|cFFFFD200Class:|r Hunter|n|n|cFFFFD200Quest:|r Champion: Huntsman Blake|n|n|cFFFFD200Zone:|r Stormheim,|cFFFFD200Class:|r Hunter|n|n|cFFFFD200Quest:|r Champion: Huntsman Blake|n|n|cFFFFD200Zone:|r Stormheim,
997,|cFFFFD200Class:|r Warlock|n|n|cFFFFD200Quest:|r A Trifling Legacy|n|n|cFFFFD200Zone:|r Dalaran,|cFFFFD200Class:|r Warlock|n|n|cFFFFD200Quest:|r A Trifling Legacy|n|n|cFFFFD200Zone:|r Dalaran,
998,|cFFFFD200Class:|r Monk|n|n|cFFFFD200Quest:|r Storm Brew|n|n|cFFFFD200Zone:|r Monk Campaign,|cFFFFD200Class:|r Monk|n|n|cFFFFD200Quest:|r Storm Brew|n|n|cFFFFD200Zone:|r Monk Campaign,
999,|cFFFFD200Class:|r Druid|n|n|cFFFFD200Quest:|r Mother's Orders|n|n|cFFFFD200Zone:|r Druid Campaign,|cFFFFD200Class:|r Druid|n|n|cFFFFD200Quest:|r Mother's Orders|n|n|cFFFFD200Zone:|r Druid Campaign,
1000,|cFFFFD200Class:|r Paladin|n|n|cFFFFD200Quest:|r A New Dawn|n|n|cFFFFD200Zone:|r Sanctum of Light,|cFFFFD200Class:|r Paladin|n|n|cFFFFD200Quest:|r The Hunt Ends|n|n|cFFFFD200Zone:|r Sanctum of Light,
1001,|cFFFFD200Class:|r Paladin|n|n|cFFFFD200Quest:|r A New Dawn|n|n|cFFFFD200Zone:|r Sanctum of Light,|cFFFFD200Class:|r Paladin|n|n|cFFFFD200Quest:|r The Hunt Ends|n|n|cFFFFD200Zone:|r Sanctum of Light,
1002,|cFFFFD200Class:|r Priest|n|n|cFFFFD200Quest:|r |n|n|cFFFFD200Zone:|r ,|cFFFFD200Class:|r Priest|n|n|cFFFFD200Quest:|r |n|n|cFFFFD200Zone:|r ,
1003,|cFFFFD200Class:|r Death Knight|n|n|cFFFFD200Quest:|r We Ride!|n|n|cFFFFD200Zone:|r Death Knight Campaign,|cFFFFD200Class:|r Death Knight|n|n|cFFFFD200Quest:|r We Ride!|n|n|cFFFFD200Zone:|r Death Knight Campaign,
1004,,,
1005,,,
1006,,,
1007,,,
1008,,,
1009,,,
1010,,,
1011,,,
1012,,,
1013,,,
1014,,,
1015,,,
1016,,,
1020,,,
1021,,,
1022,,,
1023,,,
1024,,,
1025,,,
1026,,,
1027,,,
1028,,,
1029,,,
1030,,,
1031,,,
1032,,,
1033,,,
1034,,,
1035,,,
1036,,,
1037,,,
1038,,,
1039,,,
1040,,,
1041,,,
1042,,,
1043,,,
1044,,,
1045,,,
1046,,,
1047,,,
1048,,,
1049,,,
1050,,,
1051,,,
1052,,,
1053,,,
1054,,,
1055,,,
1056,,,
1057,,,
1058,,,
1059,,,
1060,,,
1062,,,
1063,,,
1064,,,
1065,,,
1066,,,
1067,,,
1068,,,
1069,,,
1070,,,
1071,,,
1072,,"|cFFFFD200Quest:|r 
",
1073,,,
1074,,,
1075,,,
1177,,,
1178,,,
1179,,,
1182,,,
1183,,,
1184,,,
1185,,,
1186,,,
1187,,,
1188,,,
1189,,,
1190,,,
1191,,,
1192,,,
1193,,,
1194,,,
1195,,,
1196,,,
1197,,,
1198,,,
1199,,,
1200,,,
1201,,,
1202,,,
1203,,,
1204,,,
1205,,,
1206,,,
1207,,,
1208,,,
1209,,,
1210,,,
1211,,,
1212,,,
1213,,,
1214,,,
1215,,,
1216,,,
1217,,,
1220,,,
1221,,,
1222,,,
1223,,,
1224,,,
1225,,,
1226,,,
1227,,,
1228,,,
1229,,,
1230,,,
1231,,,
1232,,,
1233,,,
1234,,,
1235,,,
1236,,,
1237,,,
1238,,,
1239,,,
1240,,,
1241,,,
1242,,,
1243,,,
1244,,,
1245,,,
1246,,,
1247,,,
1248,,,
1249,,,
1250,,,
1251,,,
1252,,,
1253,,,
1254,,,
1255,,,
1257,,,
1258,,,
1259,,,
1260,,,
1261,,,
1262,,,
1263,,,
1264,,,
1265,,,
1266,,,
1267,,,
1268,,,
1269,,,
1270,,,
1271,,,
1272,,,
1273,,,
1274,,,
1275,,,
1276,,,
1277,,,
1278,,,
1279,,,
1280,,,
1281,,,
1282,,,
1283,,,
1284,,,
1285,,,
1286,,,
1287,,,
1288,,,
1289,,,
1290,,,
1291,,,
1292,,,
1293,,,
1294,,,
1295,,,
1296,,,
1300,,,
1301,,,
1302,,,
1303,,,
1304,,,
1305,,,
1306,,,
1307,,,
1308,,,
1309,,,
1310,,,
1311,,,
1312,,,
1313,,,
1314,,,
1315,,,
1316,,,
1317,,,
1318,,,
1319,,,
1320,,,
1321,,,
1322,,,
1323,,,
1324,,,
1325,,,
1326,,,
1327,,,
1328,,,
1329,,,
1330,,,
1331,,,
1332,,,
1333,,,
1334,,,
1335,,,
1336,,,
1337,,,
1338,,,
1339,,,
1340,,,
1341,,,
1342,,,
1343,,,
1344,,,
1345,,,
1346,,,
1347,,,
1371,|cFFFFD200Class:|r Priest|n|n|cFFFFD200Quest:|r |n|n|cFFFFD200Zone:|r ,|cFFFFD200Class:|r Priest|n|n|cFFFFD200Quest:|r |n|n|cFFFFD200Zone:|r ,
